{"cameraMode":{"drawMode":0,"name":"Shaded","section":"Shading Mode"},"sceneLighting":true,"audioPlay":false,"sceneViewState":{"showFog":true,"showMaterialUpdate":true,"showSkybox":true,"showFlares":true,"showImageEffects":true,"showParticleSystems":true,"showVisualEffectGraphs":true,"m_FxEnabled":true},"in2DMode":false,"pivot":{"x":12.9399995803833,"y":1.2968209981918336,"z":13.010000228881836},"rotation":{"x":-0.12256832420825958,"y":-0.2390158623456955,"z":0.030462590977549554,"w":-0.9629905223846436},"size":1.9578160047531129,"orthographic":false}