{"cameraMode":{"drawMode":0,"name":"Shaded","section":"Shading Mode"},"sceneLighting":true,"audioPlay":false,"sceneViewState":{"showFog":true,"showMaterialUpdate":true,"showSkybox":true,"showFlares":true,"showImageEffects":true,"showParticleSystems":true,"showVisualEffectGraphs":true,"m_FxEnabled":true},"in2DMode":false,"pivot":{"x":-4.977161884307861,"y":-3.251676082611084,"z":10.033181190490723},"rotation":{"x":-0.19879263639450074,"y":-0.009112490341067315,"z":0.0018759352387860418,"w":-0.9801287055015564},"size":18.0281982421875,"orthographic":false}